<?xml version='1.0' encoding='utf-8' standalone='yes' ?>
<map>
    <string name="prev_event_name">trailer_played</string>
    <int name="AF_CACHE_VERSION" value="2" />
    <boolean name="didSendRevenueTriggerOnLastBackground" value="true" />
    <long name="prev_event_timestamp" value="1769707179633" />
    <int name="appsFlyerInAppEventCount" value="12" />
    <string name="gcd">{&quot;retries&quot;:0,&quot;net&quot;:3420}</string>
    <long name="prev_session_dur" value="3" />
    <long name="af_rc_max_age" value="86400" />
    <boolean name="ddl_sent" value="true" />
    <string name="sentSuccessfully">true</string>
    <string name="af_remote_config">eyJmZWF0dXJlcyI6e30sInZlciI6ImRlZmF1bHQudjEuMTYzNzE0OTUyOSJ9</string>
    <int name="versionCode" value="4" />
    <string name="savedProperties">{&quot;logLevel&quot;:&quot;0&quot;}</string>
    <string name="AF_INSTALLATION">1769707170472-5908811712167099691</string>
    <boolean name="afUninstallToken_queued" value="false" />
    <int name="appsFlyerCount" value="1" />
    <long name="af_rc_timestamp" value="1769707170966" />
    <long name="AppsFlyerTimePassedSincePrevLaunch" value="1769707173850" />
    <boolean name="newGPReferrerSent" value="true" />
    <string name="first_launch">{&quot;from_fg&quot;:671,&quot;net&quot;:1148,&quot;start_with&quot;:&quot;application&quot;,&quot;init_to_fg&quot;:1115}</string>
    <string name="appsFlyerFirstInstall">2026-01-29_224931+0530</string>
    <string name="attributionId">{&quot;install_time&quot;:&quot;2026-01-29 17:19:34.943&quot;,&quot;af_message&quot;:&quot;organic install&quot;,&quot;af_status&quot;:&quot;Organic&quot;,&quot;is_first_launch&quot;:false}</string>
</map>
