<?xml version='1.0' encoding='utf-8' standalone='yes' ?>
<map>
    <int name="AF_CACHE_VERSION" value="2" />
    <string name="prev_event_name">trailer_played</string>
    <boolean name="didSendRevenueTriggerOnLastBackground" value="false" />
    <long name="prev_event_timestamp" value="1769711967057" />
    <int name="appsFlyerInAppEventCount" value="14" />
    <string name="gcd">{&quot;retries&quot;:0,&quot;net&quot;:4082}</string>
    <long name="prev_session_dur" value="23" />
    <boolean name="ddl_sent" value="true" />
    <long name="af_rc_max_age" value="86400" />
    <string name="sentSuccessfully">true</string>
    <string name="af_remote_config">eyJmZWF0dXJlcyI6e30sInZlciI6ImRlZmF1bHQudjEuMTYzNzE0OTUyOSJ9</string>
    <int name="versionCode" value="4" />
    <string name="savedProperties">{&quot;logLevel&quot;:&quot;0&quot;}</string>
    <string name="AF_INSTALLATION">1769711937167-6823883533302271684</string>
    <boolean name="afUninstallToken_queued" value="false" />
    <int name="appsFlyerCount" value="1" />
    <long name="af_rc_timestamp" value="1769711937828" />
    <long name="AppsFlyerTimePassedSincePrevLaunch" value="1769711940475" />
    <boolean name="newGPReferrerSent" value="true" />
    <string name="first_launch">{&quot;from_fg&quot;:2761,&quot;net&quot;:1127,&quot;start_with&quot;:&quot;application&quot;,&quot;init_to_fg&quot;:552}</string>
    <string name="appsFlyerFirstInstall">2026-01-30_000857+0530</string>
    <string name="attributionId">{&quot;install_time&quot;:&quot;2026-01-29 18:39:02.656&quot;,&quot;af_message&quot;:&quot;organic install&quot;,&quot;af_status&quot;:&quot;Organic&quot;,&quot;is_first_launch&quot;:false}</string>
</map>
