<?xml version='1.0' encoding='utf-8' standalone='yes' ?>
<map>
    <long name="first_open_time" value="1769707170268" />
    <string name="gmp_app_id">1:1023133728894:android:b797629defddad7818d82f</string>
    <string name="app_instance_id">d4d6d0e8ad6e10a75c704bb2df647901</string>
    <long name="session_id" value="1769707170" />
    <boolean name="app_backgrounded" value="true" />
    <long name="health_monitor:start" value="1769707170614" />
    <boolean name="use_service" value="true" />
    <boolean name="deferred_analytics_collection" value="false" />
    <string name="previous_os_version">15</string>
    <boolean name="has_been_opened" value="true" />
    <boolean name="allow_remote_dynamite" value="true" />
    <long name="last_pause_time" value="1769707177438" />
    <boolean name="start_new_session" value="false" />
</map>
