<?xml version='1.0' encoding='utf-8' standalone='yes' ?>
<map>
    <long name="last_upload" value="1771901246961" />
    <long name="first_open_time" value="1771901180768" />
    <string name="gmp_app_id">1:1023133728894:android:b797629defddad7818d82f</string>
    <string name="app_instance_id">2dfa927af8a10f0e56af695352f15735</string>
    <long name="session_id" value="1771901181" />
    <boolean name="app_backgrounded" value="true" />
    <long name="health_monitor:start" value="1771901180970" />
    <boolean name="deferred_analytics_collection" value="false" />
    <long name="last_delete_stale" value="1532139027" />
    <string name="previous_os_version">9</string>
    <boolean name="has_been_opened" value="true" />
    <string name="health_monitor:value">2WC133005:Callable skipped the worker queue.</string>
    <boolean name="allow_remote_dynamite" value="true" />
    <long name="last_pause_time" value="1771901240116" />
    <long name="midnight_offset" value="36580317" />
    <boolean name="start_new_session" value="false" />
    <long name="health_monitor:count" value="3" />
    <long name="last_upload_attempt" value="0" />
</map>
