<?xml version='1.0' encoding='utf-8' standalone='yes' ?>
<map>
    <long name="last_upload" value="1770387069932" />
    <long name="first_open_time" value="1770386998051" />
    <string name="gmp_app_id">1:1023133728894:android:b797629defddad7818d82f</string>
    <string name="app_instance_id">2ad0e8e59fa68102e90d06f97a6d6346</string>
    <long name="session_id" value="1770386998" />
    <boolean name="app_backgrounded" value="true" />
    <long name="health_monitor:start" value="1770386998199" />
    <boolean name="deferred_analytics_collection" value="false" />
    <string name="previous_os_version">9</string>
    <boolean name="has_been_opened" value="true" />
    <string name="health_monitor:value">2WC133005:Service invalid</string>
    <boolean name="allow_remote_dynamite" value="true" />
    <long name="last_pause_time" value="1770387063131" />
    <long name="midnight_offset" value="12638177" />
    <boolean name="start_new_session" value="false" />
    <long name="health_monitor:count" value="3" />
    <long name="last_upload_attempt" value="0" />
</map>
