<?xml version='1.0' encoding='utf-8' standalone='yes' ?>
<map>
    <long name="last_upload" value="1771901131787" />
    <long name="first_open_time" value="1771900911824" />
    <string name="gmp_app_id">1:1023133728894:android:b797629defddad7818d82f</string>
    <string name="app_instance_id">04eac777274e170832e408011760dbac</string>
    <long name="session_id" value="1771900912" />
    <boolean name="app_backgrounded" value="true" />
    <long name="health_monitor:start" value="1771900912172" />
    <boolean name="deferred_analytics_collection" value="false" />
    <long name="last_delete_stale" value="1531869457" />
    <string name="previous_os_version">9</string>
    <boolean name="has_been_opened" value="true" />
    <string name="health_monitor:value">2WC133005:Callable skipped the worker queue.</string>
    <boolean name="allow_remote_dynamite" value="true" />
    <long name="last_pause_time" value="1771901131500" />
    <long name="midnight_offset" value="57360032" />
    <boolean name="start_new_session" value="false" />
    <long name="health_monitor:count" value="4" />
    <long name="last_upload_attempt" value="0" />
</map>
