<?xml version='1.0' encoding='utf-8' standalone='yes' ?>
<map>
    <long name="first_open_time" value="1769850616046" />
    <string name="gmp_app_id">1:1023133728894:android:b797629defddad7818d82f</string>
    <string name="app_instance_id">442a5461f194819608e55445c912570f</string>
    <long name="session_id" value="1769850616" />
    <boolean name="app_backgrounded" value="true" />
    <long name="health_monitor:start" value="1769850616448" />
    <boolean name="use_service" value="true" />
    <boolean name="deferred_analytics_collection" value="false" />
    <string name="previous_os_version">10</string>
    <boolean name="has_been_opened" value="true" />
    <boolean name="allow_remote_dynamite" value="true" />
    <long name="last_pause_time" value="1769852253357" />
    <boolean name="start_new_session" value="false" />
</map>
