<?xml version='1.0' encoding='utf-8' standalone='yes' ?>
<map>
    <long name="first_open_time" value="1769702162541" />
    <string name="gmp_app_id">1:1023133728894:android:b797629defddad7818d82f</string>
    <string name="app_instance_id">4173eae741848296bc1913e3d9a2f3b0</string>
    <long name="session_id" value="1769702162" />
    <boolean name="app_backgrounded" value="true" />
    <long name="health_monitor:start" value="1769702162819" />
    <boolean name="use_service" value="true" />
    <boolean name="deferred_analytics_collection" value="false" />
    <string name="previous_os_version">15</string>
    <boolean name="has_been_opened" value="true" />
    <boolean name="allow_remote_dynamite" value="true" />
    <long name="last_pause_time" value="1769702200708" />
    <boolean name="start_new_session" value="false" />
</map>
