<?xml version='1.0' encoding='utf-8' standalone='yes' ?>
<map>
    <string name="core_user_identifiers">{&quot;uid&quot;:&quot;1517470&quot;}</string>
    <string name="user_session">{&quot;session_id&quot;:&quot;48fefb92-61dd-4fd8-a909-76825893ff41&quot;,&quot;start_time&quot;:&quot;2026-02-27T04:47:35.832Z&quot;,&quot;source_array&quot;:[{}],&quot;last_interaction_time&quot;:1772167790379}</string>
    <long name="last_event_sync_time" value="1772167793698" />
    <string name="core_debugger_log_config">{&quot;logLevel&quot;:0,&quot;isLoggingEnabled&quot;:false,&quot;expiryTime&quot;:-1}</string>
    <string name="core_device_unique_id">4835885d-fb01-4c47-bfdd-7f457e6e985d</string>
    <set name="sent_activity_list">
        <string>com.freshchat.consumer.sdk.activity.InterstitialActivity</string>
        <string>com.google.android.gms.common.api.GoogleApiActivity</string>
        <string>in.juspay.hypernfc.NfcActivity</string>
        <string>com.freshchat.consumer.sdk.activity.ConversationDetailActivity</string>
        <string>com.freshchat.consumer.sdk.activity.FAQSearchActivity</string>
        <string>com.moengage.pushbase.activities.PushClickDialogTracker</string>
        <string>com.freshchat.consumer.sdk.activity.FAQCategoriesActivity</string>
        <string>com.google.android.gms.auth.api.signin.internal.SignInHubActivity</string>
        <string>com.android.billingclient.api.ProxyBillingActivityV2</string>
        <string>com.moengage.pushbase.internal.activity.PermissionActivity</string>
        <string>in.juspay.hypersdk.core.CustomtabResult</string>
        <string>com.freshchat.consumer.sdk.activity.DeeplinkInterstitialActivity</string>
        <string>com.freshchat.consumer.sdk.activity.ArticleListActivity</string>
        <string>com.freshchat.consumer.sdk.activity.FAQDetailsActivity</string>
        <string>androidx.credentials.playservices.HiddenActivity</string>
        <string>com.freshchat.consumer.sdk.activity.FAQListActivity</string>
        <string>com.moengage.pushbase.activities.PushTracker</string>
        <string>com.android.billingclient.api.ProxyBillingActivity</string>
        <string>com.freshchat.consumer.sdk.activity.BotFaqDetailsActivity</string>
        <string>com.moe.pushlibrary.activities.MoEActivity</string>
        <string>story.tv.drama.reels.MainActivity</string>
        <string>com.freshchat.consumer.sdk.activity.PictureAttachmentActivity</string>
        <string>com.freshchat.consumer.sdk.activity.ArticleDetailActivity</string>
        <string>com.moengage.sdk.debugger.MoEDebuggerActivity</string>
        <string>com.freshchat.consumer.sdk.activity.CategoryListActivity</string>
        <string>in.juspay.hypersdk.core.CustomtabActivity</string>
        <string>com.google.android.play.core.common.PlayCoreDialogWrapperActivity</string>
        <string>in.juspay.hypersdk.core.RedirectResponseActivity</string>
        <string>com.freshchat.consumer.sdk.activity.ChannelListActivity</string>
    </set>
    <boolean name="is_device_registered" value="true" />
    <long name="last_config_sync_time" value="1772167656326" />
    <string name="core_moengage_environment">DEFAULT</string>
    <int name="core_usage_meta_data_sync_version" value="4" />
    <long name="events_batch_number" value="3" />
    <boolean name="has_registered_for_verification" value="false" />
    <boolean name="is_gaid_tracking_enabled" value="true" />
    <string name="core_feature_usage">{&quot;initialisationConfigSource&quot;:&quot;source_code&quot;}</string>
    <string name="APP_UUID">f3f1122a-262d-47e8-8723-3e7d493d8b29</string>
    <string name="user_attribute_unique_id">1517470</string>
</map>
