<?xml version='1.0' encoding='utf-8' standalone='yes' ?>
<map>
    <string name="core_user_identifiers">{&quot;uid&quot;:&quot;2644&quot;}</string>
    <string name="user_session">{&quot;session_id&quot;:&quot;b56caadb-7806-4d87-9bc8-6df75d9fc6f8&quot;,&quot;start_time&quot;:&quot;2026-01-31T09:10:16.746Z&quot;,&quot;source_array&quot;:[{}],&quot;last_interaction_time&quot;:1769852254056}</string>
    <long name="last_event_sync_time" value="1769852257768" />
    <string name="core_debugger_log_config">{&quot;logLevel&quot;:0,&quot;isLoggingEnabled&quot;:false,&quot;expiryTime&quot;:-1}</string>
    <string name="core_device_unique_id">aba176fe-a1b8-4ba0-b260-0873b79393a5</string>
    <set name="sent_activity_list">
        <string>com.freshchat.consumer.sdk.activity.InterstitialActivity</string>
        <string>com.google.android.gms.common.api.GoogleApiActivity</string>
        <string>in.juspay.hypernfc.NfcActivity</string>
        <string>com.freshchat.consumer.sdk.activity.ConversationDetailActivity</string>
        <string>com.freshchat.consumer.sdk.activity.FAQSearchActivity</string>
        <string>com.moengage.pushbase.activities.PushClickDialogTracker</string>
        <string>com.freshchat.consumer.sdk.activity.FAQCategoriesActivity</string>
        <string>com.google.android.gms.auth.api.signin.internal.SignInHubActivity</string>
        <string>com.android.billingclient.api.ProxyBillingActivityV2</string>
        <string>com.moengage.pushbase.internal.activity.PermissionActivity</string>
        <string>in.juspay.hypersdk.core.CustomtabResult</string>
        <string>com.freshchat.consumer.sdk.activity.DeeplinkInterstitialActivity</string>
        <string>com.freshchat.consumer.sdk.activity.ArticleListActivity</string>
        <string>com.freshchat.consumer.sdk.activity.FAQDetailsActivity</string>
        <string>androidx.credentials.playservices.HiddenActivity</string>
        <string>com.freshchat.consumer.sdk.activity.FAQListActivity</string>
        <string>com.moengage.pushbase.activities.PushTracker</string>
        <string>com.android.billingclient.api.ProxyBillingActivity</string>
        <string>com.freshchat.consumer.sdk.activity.BotFaqDetailsActivity</string>
        <string>com.moe.pushlibrary.activities.MoEActivity</string>
        <string>story.tv.drama.reels.MainActivity</string>
        <string>com.freshchat.consumer.sdk.activity.PictureAttachmentActivity</string>
        <string>com.freshchat.consumer.sdk.activity.ArticleDetailActivity</string>
        <string>com.moengage.sdk.debugger.MoEDebuggerActivity</string>
        <string>com.freshchat.consumer.sdk.activity.CategoryListActivity</string>
        <string>in.juspay.hypersdk.core.CustomtabActivity</string>
        <string>com.google.android.play.core.common.PlayCoreDialogWrapperActivity</string>
        <string>in.juspay.hypersdk.core.RedirectResponseActivity</string>
        <string>com.freshchat.consumer.sdk.activity.ChannelListActivity</string>
    </set>
    <string name="registration_id">cNaIBtjoSkuPfxCY9VIRhx:APA91bGVxw4E7EpTphLfMpOqx89KPcplbtuZDpj1EloE2zEe3EsWMKz7rAJyEqff1HraHG0mYQYSloNU8EYCdNo-CMxj62wCcNQ0S4K47ku5Fbyww_pfY-4</string>
    <boolean name="is_device_registered" value="true" />
    <long name="last_config_sync_time" value="1769850618041" />
    <string name="core_moengage_environment">DEFAULT</string>
    <int name="core_usage_meta_data_sync_version" value="4" />
    <long name="events_batch_number" value="7" />
    <boolean name="has_registered_for_verification" value="false" />
    <boolean name="is_gaid_tracking_enabled" value="true" />
    <string name="PREF_KEY_MOE_GAID">6c11c445-448f-46a4-8b14-30a5940e3d60</string>
    <string name="core_feature_usage">{&quot;initialisationConfigSource&quot;:&quot;source_code&quot;}</string>
    <string name="APP_UUID">39a6b994-556c-43d1-b053-aef3d8163465</string>
    <string name="user_attribute_unique_id">2644</string>
</map>
