{"Fid":"eVULfMIEQ0Oki3PnulRyHZ","Status":3,"AuthToken":"eyJhbGciOiJFUzI1NiIsInR5cCI6IkpXVCJ9.eyJhcHBJZCI6IjE6MTAyMzEzMzcyODg5NDphbmRyb2lkOmI3OTc2MjlkZWZkZGFkNzgxOGQ4MmYiLCJleHAiOjE3NzAzMTE5NzMsImZpZCI6ImVWVUxmTUlFUTBPa2kzUG51bFJ5SFoiLCJwcm9qZWN0TnVtYmVyIjoxMDIzMTMzNzI4ODk0fQ.AB2LPV8wRQIhALiB-iFhnFPBAWzaF_pJLKrnzh032UjQfpRkNJTyvVQgAiAvD2yeDAkjxO0EihrcapZUvmPMVH_jjAcsSRYwPtCrPg","RefreshToken":"3_AS3qfwLj-VaGGqAEHt231XU6bo3mz5ShT80sRPVNl9m8lj3nl80KfZbSNyRF_jtmexIdQFdE2tRIxj1PVt79-B9_Cc_XIHzlBaC43CqM71dfAAk","TokenCreationEpochInSecs":1769707173,"ExpiresInSecs":604800}