{"Fid":"dcwfL7cER2CtD5uN6rlgMP","Status":3,"AuthToken":"eyJhbGciOiJFUzI1NiIsInR5cCI6IkpXVCJ9.eyJhcHBJZCI6IjE6MTAyMzEzMzcyODg5NDphbmRyb2lkOmI3OTc2MjlkZWZkZGFkNzgxOGQ4MmYiLCJleHAiOjE3NzI1MDU3MTMsImZpZCI6ImRjd2ZMN2NFUjJDdEQ1dU42cmxnTVAiLCJwcm9qZWN0TnVtYmVyIjoxMDIzMTMzNzI4ODk0fQ.AB2LPV8wRAIgfuC8Y8wcvwUnZD0s-6NsiB7d75at-qrSK7Lc0AFc8f8CIDsHHHmVjBqHfR7oXsxs3L2uTGQJ4d7G4nOE4VMGdGzt","RefreshToken":"3_AS3qfwIllSjBo6nhw3wpOwCTaKunQqvcA4gDDJis9IvG6MIccfGIDzojt2v-anmJWrAHtUhqZSiJvBTcXZ9hIn1zAui-TqmAJzH5BjUQtBfa0mw","TokenCreationEpochInSecs":1771900913,"ExpiresInSecs":604800}