{"Fid":"chIuyvxJRjKqX2US6K-LFx","Status":3,"AuthToken":"eyJhbGciOiJFUzI1NiIsInR5cCI6IkpXVCJ9.eyJhcHBJZCI6IjE6MTAyMzEzMzcyODg5NDphbmRyb2lkOmI3OTc2MjlkZWZkZGFkNzgxOGQ4MmYiLCJleHAiOjE3NzI3NzI0NTYsImZpZCI6ImNoSXV5dnhKUmpLcVgyVVM2Sy1MRngiLCJwcm9qZWN0TnVtYmVyIjoxMDIzMTMzNzI4ODk0fQ.AB2LPV8wRAIgNj_LWWI_hBjLFe_WQRX9bCLDEJXTOSzG1CfB1Z9aXUsCIBTqnYQdWxZnkPjr8b11T7Ti-o8OJdm5cFSlxQ4l74ZW","RefreshToken":"3_AS3qfwKNMmUZsCh2GYqsn03LWsbdDe7jC1iUSqOXUHjYOvkqazcyK-csz_0ge1NCr-eSByhwGGsghEH2CLCN84kn3WN948XSEehQsGyaW1Plswk","TokenCreationEpochInSecs":1772167656,"ExpiresInSecs":604800}