{"Fid":"dhMGgAjKRYutHcsg9263zC","Status":3,"AuthToken":"eyJhbGciOiJFUzI1NiIsInR5cCI6IkpXVCJ9.eyJhcHBJZCI6IjE6MTAyMzEzMzcyODg5NDphbmRyb2lkOmI3OTc2MjlkZWZkZGFkNzgxOGQ4MmYiLCJleHAiOjE3NzE4MzM4MzAsImZpZCI6ImRoTUdnQWpLUll1dEhjc2c5MjYzekMiLCJwcm9qZWN0TnVtYmVyIjoxMDIzMTMzNzI4ODk0fQ.AB2LPV8wRAIgSMwYFfN5XTPPE0spYktFjdk4lX42GYXOfPvC70_VQ4wCID-ZvVZ5jq4hPHiexwjA08lEFi6ZS-s6IzYiWdiSQdYC","RefreshToken":"3_AS3qfwIRd4tA-oXPtqrnueVb1BCt9F1JaKjlLoPCNHa8CLc9aPXGQ4w_bLeWwv0FqT7eIn28OMcKLuWHDrFQ7lj2pjDjf65RLMgOH-Or6gLTk_g","TokenCreationEpochInSecs":1771229030,"ExpiresInSecs":604800}