{"Fid":"eGcjacP0T0CeByETCH8nCu","Status":3,"AuthToken":"eyJhbGciOiJFUzI1NiIsInR5cCI6IkpXVCJ9.eyJhcHBJZCI6IjE6MTAyMzEzMzcyODg5NDphbmRyb2lkOmI3OTc2MjlkZWZkZGFkNzgxOGQ4MmYiLCJleHAiOjE3NzE1NjE2NTAsImZpZCI6ImVHY2phY1AwVDBDZUJ5RVRDSDhuQ3UiLCJwcm9qZWN0TnVtYmVyIjoxMDIzMTMzNzI4ODk0fQ.AB2LPV8wRQIgB7vxbX0vUxIL-VIkBTiQv6C-Ek36sat7WV1V3wbCGkgCIQC4axB-H0RibwIskimzfXxqgYD77HimtBUDQwc2ZrXlTA","RefreshToken":"3_AS3qfwLjTPqGC_yx15aAGncH7D8MY3ihDeFX7b4pCCOp2xnLj-qvkjWCOnSdnhCfjkPSN-Pvq2VzYpkt2zKQMJ2SRqrspy9XjmTLClowfX0iUd4","TokenCreationEpochInSecs":1770956851,"ExpiresInSecs":604800}