{"Fid":"fhk7tzDmSG-1b3FieB4Tbm","Status":3,"AuthToken":"eyJhbGciOiJFUzI1NiIsInR5cCI6IkpXVCJ9.eyJhcHBJZCI6IjE6MTAyMzEzMzcyODg5NDphbmRyb2lkOmI3OTc2MjlkZWZkZGFkNzgxOGQ4MmYiLCJleHAiOjE3NzIxNzUzNDMsImZpZCI6ImZoazd0ekRtU0ctMWIzRmllQjRUYm0iLCJwcm9qZWN0TnVtYmVyIjoxMDIzMTMzNzI4ODk0fQ.AB2LPV8wRQIhAPzpGUWrhQejvwazIr8LayyyCuRe8uPo2vKuins99ezJAiArxUFdfuC6GT7f2IXp_9sCOr6uWIdiSwP06n3Uab7uRw","RefreshToken":"3_AS3qfwIziAWVGjPNQlbkZt2k-IxSlrbA3xb6CyFANqE8WzTBBQhUpu54sSa3jl82YWCS_exW7-BgFu4woN2JV6M76plhJb36gErbZ4HG2TqkRQ","TokenCreationEpochInSecs":1771570543,"ExpiresInSecs":604800}