{"Fid":"cUdrMYUiQuOJf9hj5I2TWc","Status":3,"AuthToken":"eyJhbGciOiJFUzI1NiIsInR5cCI6IkpXVCJ9.eyJhcHBJZCI6IjE6MTAyMzEzMzcyODg5NDphbmRyb2lkOmI3OTc2MjlkZWZkZGFkNzgxOGQ4MmYiLCJleHAiOjE3NzE1NjE0NzEsImZpZCI6ImNVZHJNWVVpUXVPSmY5aGo1STJUV2MiLCJwcm9qZWN0TnVtYmVyIjoxMDIzMTMzNzI4ODk0fQ.AB2LPV8wRQIgIV4eSXhzvZjJVLNsV8g3NESsNuQAM4wn7ih-EBziinwCIQC-QFCEvxRyvmNvFl_la9uk9gwqECQwFpQ2vy7zfyy05w","RefreshToken":"3_AS3qfwJIfzJUI7udLiwBO6qCnfInt5p2QpvhqjxVyxhdxeYLnK7tpyXsR4CZTE1gLeS9QBRBABo_88YUmvqrn7LjbMD1kngEASDj8-6ghqq11tQ","TokenCreationEpochInSecs":1770956671,"ExpiresInSecs":604800}