{"Fid":"fJuE6eYSQhil8JslA1Vn0X","Status":3,"AuthToken":"eyJhbGciOiJFUzI1NiIsInR5cCI6IkpXVCJ9.eyJhcHBJZCI6IjE6MTAyMzEzMzcyODg5NDphbmRyb2lkOmI3OTc2MjlkZWZkZGFkNzgxOGQ4MmYiLCJleHAiOjE3NzAzMTY3MzksImZpZCI6ImZKdUU2ZVlTUWhpbDhKc2xBMVZuMFgiLCJwcm9qZWN0TnVtYmVyIjoxMDIzMTMzNzI4ODk0fQ.AB2LPV8wRgIhANnRVDY42cop0MosZ3XBsEwt7Fz_aVBzqZstIjTFx4avAiEA99ge5HXnu2lB_J3_E5wvxl4mal6OaLfXuV9eAOT3p9o","RefreshToken":"3_AS3qfwJWPVJCUiCqxBy5vwIDmrwJyf0QKzD9-sS70ahUDDAAhwiNm2jjHEZdYT8OO3AhXibJ1EggxL_GMGItm-Q-Zw7QMCYpeOwGyu-GGTENdOI","TokenCreationEpochInSecs":1769711938,"ExpiresInSecs":604800}