{"Fid":"cNaIBtjoSkuPfxCY9VIRhx","Status":3,"AuthToken":"eyJhbGciOiJFUzI1NiIsInR5cCI6IkpXVCJ9.eyJhcHBJZCI6IjE6MTAyMzEzMzcyODg5NDphbmRyb2lkOmI3OTc2MjlkZWZkZGFkNzgxOGQ4MmYiLCJleHAiOjE3NzA0NTU0MTgsImZpZCI6ImNOYUlCdGpvU2t1UGZ4Q1k5VklSaHgiLCJwcm9qZWN0TnVtYmVyIjoxMDIzMTMzNzI4ODk0fQ.AB2LPV8wRgIhALUq71wHchKIixJhf7I0hGAlqiKqsHs0ShffddJkNSF7AiEAq4gwcC6w-8B-D8qOvyGD3JGtVYPxrvTR-gWqB42jCcw","RefreshToken":"3_AS3qfwLf_mr2r3AxgGRho5X6eHtloIvkCeGxSF-cU3djxC0x9iEE3fabbdmLISAqrKf0-YltJXnEv9SJuvG43gCUvCCy5DO9Mvsz9-MLgGiIaxQ","TokenCreationEpochInSecs":1769850617,"ExpiresInSecs":604800}