{"Fid":"dz54bXDTRaiEVmTRvqPZeM","Status":3,"AuthToken":"eyJhbGciOiJFUzI1NiIsInR5cCI6IkpXVCJ9.eyJhcHBJZCI6IjE6MTAyMzEzMzcyODg5NDphbmRyb2lkOmI3OTc2MjlkZWZkZGFkNzgxOGQ4MmYiLCJleHAiOjE3NzA5OTE3OTksImZpZCI6ImR6NTRiWERUUmFpRVZtVFJ2cVBaZU0iLCJwcm9qZWN0TnVtYmVyIjoxMDIzMTMzNzI4ODk0fQ.AB2LPV8wRAIgBjSLKRSSQcX0e9emV4xaKemEwLZO4yY_sjezV8KYjBYCIDeY-pMpYM03nf_Lnf_gUmoVt9F17A5Y5Nddbb3DpQYl","RefreshToken":"3_AS3qfwLSXWE8wgB3lxyT-nM3GbFO_c3aN71nCfTRblk8VOL5Q9pdfpjt3kdhIsdZfRYYKxn2duGenP2kFO17yxUm1mT4O7e7qwq-G7h0OeoxqPQ","TokenCreationEpochInSecs":1770386999,"ExpiresInSecs":604800}