{"Fid":"eY7EOv_fQw6vhbfECiadq6","Status":3,"AuthToken":"eyJhbGciOiJFUzI1NiIsInR5cCI6IkpXVCJ9.eyJhcHBJZCI6IjE6MTAyMzEzMzcyODg5NDphbmRyb2lkOmI3OTc2MjlkZWZkZGFkNzgxOGQ4MmYiLCJleHAiOjE3NzI1MDU5ODIsImZpZCI6ImVZN0VPdl9mUXc2dmhiZkVDaWFkcTYiLCJwcm9qZWN0TnVtYmVyIjoxMDIzMTMzNzI4ODk0fQ.AB2LPV8wRQIgJ1aimU9a7WWCaew_QLRxv5XEyuZJz1AoF3ZOOKqYbdsCIQDU_jCPAEq0EsQfo6INRwgAF5GUeozYusbsCok4rtf96Q","RefreshToken":"3_AS3qfwKZ52cuXP49JS1uDitTMsYTxdU1KfThJfmvtFp9dSLPL4-pEKkc_yFts1TxCcyxO5nhEEcyOzzlZhkmlW9_9pAkxWR2W1X28XSunXXMNUI","TokenCreationEpochInSecs":1771901182,"ExpiresInSecs":604800}