{"Fid":"fpQGCgMWTdK9BVqeKt_7Wg","Status":3,"AuthToken":"eyJhbGciOiJFUzI1NiIsInR5cCI6IkpXVCJ9.eyJhcHBJZCI6IjE6MTAyMzEzMzcyODg5NDphbmRyb2lkOmI3OTc2MjlkZWZkZGFkNzgxOGQ4MmYiLCJleHAiOjE3NzAzMDY5NzMsImZpZCI6ImZwUUdDZ01XVGRLOUJWcWVLdF83V2ciLCJwcm9qZWN0TnVtYmVyIjoxMDIzMTMzNzI4ODk0fQ.AB2LPV8wRgIhAJlwepqt8XKrWhBQgf7tv2uq9BIlp1Op5SQmba17_6GbAiEAivdcubXWplVuiNr5LlEgvd6sVTzEKQrb0WrEO0Fkb2U","RefreshToken":"3_AS3qfwIM-zvitjD1Oz9HvXLR73E9vD-ZZ3bd1u55ZoRd0pIh0T-Swd5aGPsC54ipxDW0_93bHN7U7rsil5CrtY4DJLVbqLzHK4UwJlKLte9yANs","TokenCreationEpochInSecs":1769702173,"ExpiresInSecs":604800}