{"Fid":"cAHLp3n8RO-MzLPHW9_Nnv","Status":3,"AuthToken":"eyJhbGciOiJFUzI1NiIsInR5cCI6IkpXVCJ9.eyJhcHBJZCI6IjE6MTAyMzEzMzcyODg5NDphbmRyb2lkOmI3OTc2MjlkZWZkZGFkNzgxOGQ4MmYiLCJleHAiOjE3NzEyMDgxNzcsImZpZCI6ImNBSExwM244Uk8tTXpMUEhXOV9ObnYiLCJwcm9qZWN0TnVtYmVyIjoxMDIzMTMzNzI4ODk0fQ.AB2LPV8wRQIhAO1_9XNcDUdf-XhXFmx9H1dSL-rmKLPlaOY8zbtOhgayAiBtshQIHL8NVQzLRUwgbPmvTzmpPZGOXnbIhGgjv-zQPw","RefreshToken":"3_AS3qfwLqo91W6sazNk8my-OIGsIU--np7KFCuPJas4L-_pWRVu4XK6mA9Th1vuYJJbJbtRT1Q7O3bAoMpdKagcyQKiv9DfKJF7CrB2EDQFpH17I","TokenCreationEpochInSecs":1770603377,"ExpiresInSecs":604800}